{
    "use_defaults": {
        "colors": {
            "light": true,
            "dark": true,
            "colorblind": true
        },
        "EMD": true
    },
    "defaults": {
        "colors": {
            "light": {
                "gfp": "#C4FFAB",
                "rfp": "#FBB1B1",
                "reconstruction": "#0000FE",
                "ratio": "#000000",
                "regression": "#FBA501",
                "gfp_residuals": "#915B00",
                "gfp_imfs": {
                    "shown": "#F8229A",
                    "hidden": "#7F807F",
                    "noise": "#57C5C6",
                    "undecided": "#D99058"
                }
            },
            "dark": {
                "gfp": "#C4FFAB",
                "rfp": "#FF0000",
                "reconstruction": "#FF0080",
                "ratio": "#FFFFFF",
                "regression": "#FBA501",
                "gfp_residuals": "#915B00",
                "gfp_imfs": {
                    "shown": "#F8229A",
                    "hidden": "#7F807F",
                    "noise": "#57C5C6",
                    "undecided": "#D99058"
                }
            },
            "colorblind": {
                "gfp": "#A1D76A",
                "rfp": "#C51B7D",
                "reconstruction": "#4575B4",
                "ratio": "#000000",
                "regression": "#FC8D59",
                "gfp_residuals": "#915B00",
                "gfp_imfs": {
                    "shown": "#F8229A",
                    "hidden": "#7F807F",
                    "noise": "#57C5C6",
                    "undecided": "#D99058"
                }
            }
        },
        "z-order": {
            "gfp": 1,
            "rfp": 0,
            "reconstruction": 4,
            "ratio": 2,
            "regression": 3
        },
        "EMD": {
            "sift": "mask",
            "stop": "rilling",
            "ensemble_params": {
                "nensembles": 2,
                "ensemble_noise": 1
            }
        }
    },
    "user_configs": {
        "colors": {
            "light": {
                "gfp": null,
                "rfp": null,
                "ratio": null,
                "regression": null,
                "reconstruction": null,
                "gfp_imfs": {
                    "shown": null,
                    "hidden": null,
                    "noise": null,
                    "undecided": null
                }
            },
            "dark": {
                "gfp": null,
                "rfp": null,
                "ratio": null,
                "regression": null,
                "reconstruction": null,
                "gfp_imfs": {
                    "shown": null,
                    "hidden": null,
                    "noise": null,
                    "undecided": null
                }
            },
            "colorblind": {
                "gfp": null,
                "rfp": null,
                "ratio": null,
                "regression": null,
                "reconstruction": null,
                "gfp_imfs": {
                    "shown": null,
                    "hidden": null,
                    "noise": null,
                    "undecided": null
                }
            }
        },
        "EMD": {
            "sift": null,
            "stop": null,
            "ensemble_params": {
                "nensembles": null,
                "ensemble_noise": null
            }
        }
    }
}